<?xml version="1.0" encoding="UTF-8"?>
<project-private xmlns="http://www.netbeans.org/ns/project-private/1">
    <editor-bookmarks xmlns="http://www.netbeans.org/ns/editor-bookmarks/2" lastBookmarkId="0"/>
    <open-files xmlns="http://www.netbeans.org/ns/projectui-open-files/2">
        <group>
            <file>file:/C:/xampp/htdocs/shopsmart.com/resources/views/master.blade.php</file>
            <file>file:/C:/xampp/htdocs/shopsmart.com/resources/views/pages/home_category_box.blade.php</file>
            <file>file:/C:/xampp/htdocs/shopsmart.com/resources/views/pages/confirm_order.blade.php</file>
            <file>file:/C:/xampp/htdocs/shopsmart.com/app/Http/route.php</file>
            <file>file:/C:/xampp/htdocs/shopsmart.com/resources/views/pages/home_top_content.blade.php</file>
            <file>file:/C:/xampp/htdocs/shopsmart.com/resources/views/pages/successfull_oder.blade.php</file>
            <file>file:/C:/xampp/htdocs/shopsmart.com/routes/web.php</file>
            <file>file:/C:/xampp/htdocs/shopsmart.com/app/Http/Controllers/CheckoutController.php</file>
        </group>
    </open-files>
</project-private>
